{
  "id": "945537",
  "name": "教育",
  "font_family": "iconfont",
  "css_prefix_text": "icon-",
  "description": "",
  "glyphs": [
    {
      "icon_id": "19847344",
      "name": "分类",
      "font_class": "category",
      "unicode": "e601",
      "unicode_decimal": 58881
    },
    {
      "icon_id": "10651183",
      "name": "眼睛",
      "font_class": "yanjing",
      "unicode": "e60e",
      "unicode_decimal": 58894
    },
    {
      "icon_id": "16361878",
      "name": "用戶",
      "font_class": "yonghu",
      "unicode": "e6cb",
      "unicode_decimal": 59083
    },
    {
      "icon_id": "3971217",
      "name": "密碼",
      "font_class": "mima",
      "unicode": "e78c",
      "unicode_decimal": 59276
    },
    {
      "icon_id": "3971224",
      "name": "用戶名",
      "font_class": "yonghuming",
      "unicode": "e78e",
      "unicode_decimal": 59278
    },
    {
      "icon_id": "5435757",
      "name": "课程",
      "font_class": "kecheng",
      "unicode": "e602",
      "unicode_decimal": 58882
    },
    {
      "icon_id": "13906473",
      "name": "直播 播放 摄像机 天线 线性",
      "font_class": "zhibo",
      "unicode": "e600",
      "unicode_decimal": 58880
    },
    {
      "icon_id": "19459645",
      "name": "我的",
      "font_class": "wode",
      "unicode": "e64f",
      "unicode_decimal": 58959
    },
    {
      "icon_id": "19463904",
      "name": "首页",
      "font_class": "shouye",
      "unicode": "e651",
      "unicode_decimal": 58961
    },
    {
      "icon_id": "2087547",
      "name": "教育",
      "font_class": "jiaoyu",
      "unicode": "e603",
      "unicode_decimal": 58883
    },
    {
      "icon_id": "6239018",
      "name": "语文",
      "font_class": "yuwen",
      "unicode": "e63d",
      "unicode_decimal": 58941
    },
    {
      "icon_id": "6239033",
      "name": "数学",
      "font_class": "shuxue",
      "unicode": "e63e",
      "unicode_decimal": 58942
    },
    {
      "icon_id": "6239035",
      "name": "英语",
      "font_class": "yingyu",
      "unicode": "e63f",
      "unicode_decimal": 58943
    },
    {
      "icon_id": "6259629",
      "name": "政治",
      "font_class": "zhengzhi",
      "unicode": "e643",
      "unicode_decimal": 58947
    },
    {
      "icon_id": "6266826",
      "name": "地理",
      "font_class": "dili",
      "unicode": "e649",
      "unicode_decimal": 58953
    },
    {
      "icon_id": "6286024",
      "name": "试卷",
      "font_class": "shijuan",
      "unicode": "e64a",
      "unicode_decimal": 58954
    },
    {
      "icon_id": "6286025",
      "name": "课件",
      "font_class": "kejian",
      "unicode": "e64b",
      "unicode_decimal": 58955
    },
    {
      "icon_id": "6286026",
      "name": "组卷",
      "font_class": "zujuan",
      "unicode": "e64c",
      "unicode_decimal": 58956
    },
    {
      "icon_id": "6286027",
      "name": "试题",
      "font_class": "shiti",
      "unicode": "e64d",
      "unicode_decimal": 58957
    },
    {
      "icon_id": "6286028",
      "name": "题库",
      "font_class": "tiku",
      "unicode": "e64e",
      "unicode_decimal": 58958
    },
    {
      "icon_id": "6526149",
      "name": "课件-填充",
      "font_class": "kejian-tianchong",
      "unicode": "e65b",
      "unicode_decimal": 58971
    },
    {
      "icon_id": "6526151",
      "name": "试卷-填充",
      "font_class": "shijuan-tianchong",
      "unicode": "e65d",
      "unicode_decimal": 58973
    },
    {
      "icon_id": "6526152",
      "name": "试题-填充",
      "font_class": "shiti-tianchong",
      "unicode": "e65e",
      "unicode_decimal": 58974
    },
    {
      "icon_id": "6526153",
      "name": "数学-填充",
      "font_class": "shuxue-tianchong",
      "unicode": "e65f",
      "unicode_decimal": 58975
    },
    {
      "icon_id": "6526154",
      "name": "题库-填充",
      "font_class": "tiku-tianchong",
      "unicode": "e660",
      "unicode_decimal": 58976
    },
    {
      "icon_id": "6526156",
      "name": "语文-填充",
      "font_class": "yuwen-tianchong",
      "unicode": "e662",
      "unicode_decimal": 58978
    },
    {
      "icon_id": "6526157",
      "name": "组卷-填充",
      "font_class": "zujuan-tianchong",
      "unicode": "e663",
      "unicode_decimal": 58979
    },
    {
      "icon_id": "6526158",
      "name": "政治-填充",
      "font_class": "zhengzhi-tianchong",
      "unicode": "e664",
      "unicode_decimal": 58980
    }
  ]
}
